query,searched,site,rank,thumbnail,url,url,which,contains,image
break,1,http://t1.gstatic.com/images?q=tbn:ANd9GcTNfEuCVpXBZJpcdRsdoGX7DYP5QPveCLybnkvbIHSW1HPxyg--09-j3leS,https://www.caradisiac.com/Les-meilleurs-breaks-40216.htm
break,2,http://t2.gstatic.com/images?q=tbn:ANd9GcQ_NH8MgLWx37hd52FkgILMqqaTOHFb5qKNP4PLh73dt0OydXvBi0H0CW4,http://www.theparking.eu/used-cars-detail/opel-vectra/voiture-break-ople-vectra/3KGTF6X1.html
break,3,http://t3.gstatic.com/images?q=tbn:ANd9GcT2UlwhTiYuiU5ch6hnqwfX9B4EMlHBQyR95F4XNvOoB9qeLq2d2JBzvRQ,https://www.caradisiac.com/Les-meilleurs-breaks-40216.htm
break,4,http://t0.gstatic.com/images?q=tbn:ANd9GcTZbJplZihCH5pub-NxPAiylKCR-UqhioNLfesQKTDJDWzsrd0XbNuuNTYh,http://www.essais-autos.com/2018/01/7-breaks-nerveux-pour-papas-presses.html
break,5,http://t1.gstatic.com/images?q=tbn:ANd9GcRjrv6GUJqPMqxgq26cBVU8RARcUWhpz0NOSWpPP9Z0lM5pY1kENh9bLxA,https://www.automobile-magazine.fr/scoops/article/23554-les-futurs-breaks-2018-2019-en-images
break,6,http://t2.gstatic.com/images?q=tbn:ANd9GcSdi4HEEZa3Yb71ylmeXI-eKteJFcIwUSoY3FVeHL0wH-f3F6XGdo57xGC-,https://www.largus.fr/geneve/volvo-v60-le-plus-beau-break-du-salon-de-geneve-2018-9039405.html
break,7,http://t3.gstatic.com/images?q=tbn:ANd9GcSar-H-elrq6stvEfsnnbGeqQkU_GhNiiWzk525RCKGErznrlE90vl_n34,https://com-auto.fr/blog/guide/6/pourquoi-acheter-un-break-avantages-inconvenients-le-bon-coin-pour-acheter-votre-futur-voiture-occasion-neuve/
break,8,http://t0.gstatic.com/images?q=tbn:ANd9GcRy_8mPbzkJuib5cXJjhYZvRd46RE__EUAmngySHgLR3gkfm8swbosyGtTI,https://www.largus.fr/dictionnaire/vehicule/break-9874395.html
break,9,http://t1.gstatic.com/images?q=tbn:ANd9GcRNCyXhsLe-MA7UJAvB3punudxeTkNVseXPuAcIu3mf3lRwmr_KNlbHEKcd,https://www.caradisiac.com/break-d-occasion-a-moins-de-3-000-eur-les-10-meilleurs-choix-176902.htm
break,10,http://t2.gstatic.com/images?q=tbn:ANd9GcT2kPXL5mDRu-juf6OVMlbgWreezl8mz7aGLSwqTPJI7G-hFsFSRCdQrg,https://voiture.kidioui.fr/lexique-automobile/break.html
break,11,http://t3.gstatic.com/images?q=tbn:ANd9GcSUxOeON2S1z4v53iAAC3xl2PzXb1ItZiZg4YelmLszrRYIME4vBaFsE2U,https://blog.vivacar.fr/choisir-voiture-familiale/
break,12,http://t0.gstatic.com/images?q=tbn:ANd9GcRLfBR5v8kU2vBywlYdowl_W5ugoWSHaM0My0-KCr3auKCnALotyAWU0eA,https://www.caradisiac.com/Les-meilleurs-breaks-40216.htm
break,13,http://t1.gstatic.com/images?q=tbn:ANd9GcROteYRHv3J0CNqyNChTh40xZv8yKhxJfXkvFmABfr8KQPrBhSrau_BD29V,http://www.topito.com/top-10-des-meilleures-voitures-break-du-moment
break,14,http://t2.gstatic.com/images?q=tbn:ANd9GcQLV2duhqWMhNOj2_8QFkXZCD0GDOpiSqa3NO-RATKneYT6eLHfJDyp-ECl,http://www.autonews.fr/guide-achat-auto/break-compact-megane-estate-308-sw-golf-79781
break,15,http://t3.gstatic.com/images?q=tbn:ANd9GcQWwfkhlD0M_0yb2ABuTsmqG3iPeZjRPmLrgBPGtHcma1ZHxC9muD-QxRW3,http://www.essais-autos.com/2018/01/7-breaks-nerveux-pour-papas-presses.html
break,16,http://t0.gstatic.com/images?q=tbn:ANd9GcSkRW_fzC3BwlY8_M9EXv8Hf6lKge5345T2zDzFgigQPS9_NRbthsP49w,https://www.mali-camions.com/voiture-mercedes/break/classe-e/noord-brabant/ts-vi4688482/occasion.html
break,17,http://t1.gstatic.com/images?q=tbn:ANd9GcRsWYAdjGAahMJGXUzpJN2o-hvX-Bk7hZdoaKe6wkgnD0qTNtNnV8NJsw,https://hintigo.fr/break-familial/
break,18,http://t2.gstatic.com/images?q=tbn:ANd9GcRFJt456j8r_t_3GGreT5YcXtEfBlBI2sGyFNkDoMQ74L77XIs725GqpuQ,https://blog.vivacar.fr/meilleur-break-occasion/
break,19,http://t3.gstatic.com/images?q=tbn:ANd9GcRrZNhGb8vmnaZH6KfxCCwRdbqqGCJEISkkxRv6m4xK61FPW1sl2h4xEUo,https://www.easybedcar.fr/produit/lit-break/
break,20,http://t0.gstatic.com/images?q=tbn:ANd9GcQ8jkX8j53PPomkYdbTiw1ghPy9cZRYqAAhx5Jn_vnxPDWteXz8LykjK-JL,https://www.tweedehands.nl/autos/ford/focus/voiture-ford-focus-break-2009-520312001.html
break,21,http://t1.gstatic.com/images?q=tbn:ANd9GcTu_qZ9PhPbiNHC9j-4uNQ3L_ye0C1kglTwwZ995207BlX4GhDw2VuaLK8,https://nl.pinterest.com/pin/422212533815964040/
break,22,http://t2.gstatic.com/images?q=tbn:ANd9GcT5HlV0VgANc0MFHMABx5n4jQPlHtkfTbYYB-aKECsfOHIYIYFR01YZm8_B,https://www.tweedehands.nl/autos/ford/focus/voiture-ford-focus-break-2009-520312001.html
break,23,http://t3.gstatic.com/images?q=tbn:ANd9GcQcX_sjUnna-SGmm5X_eDsCH-W1xxIP47emM-5_cL42ozFwvOXiDzVc2qFm,https://www.caradisiac.com/Les-meilleurs-breaks-40216.htm
break,24,http://t0.gstatic.com/images?q=tbn:ANd9GcTmo4O0HtSrGXYQERZzNC8DWI0Q-TrPuCLrpLg2PwHfbTxny846lYD6DQ,http://www.theparking.eu/used-cars-detail/citroen-ami-6-break/voiture-collection-ami-6-break/S8MZL314.html
break,25,http://t1.gstatic.com/images?q=tbn:ANd9GcRsWiWKb1AOWaQkJ6XhN20M84wMBWAN8F9smFHzQMuLTyK2pHj8kGqouCc,https://hintigo.fr/break-ou-berline/
break,26,http://t2.gstatic.com/images?q=tbn:ANd9GcQp8xr7HMFi0KP5x2qIG-B93tSFx1X9-KfV53dAZFwAYzlfKynxKhZHwDI,https://www.2dehands.be/a/auto-s/peugeot/m1479364306-voiture-occasion-peugeot-207-break.html
break,27,http://t3.gstatic.com/images?q=tbn:ANd9GcRhx8X7E0G0EGn6wVedEM6Lt63petCDJz7c_E7E7MpXAEZs3lpImjWtsCg1,https://www.auto-selection.com/guide-voiture-occasion/criteres-recherche-voiture-occasion/critere-categorie/voiture-break/
break,28,http://t0.gstatic.com/images?q=tbn:ANd9GcRBSft1VyfSZtOwJSR1JdrucMLLeMLCPqK8AcKIr_9bHWf4M_bSjyqCWsdy,https://ml.via-mobilis.com/voiture-break/renault-megane/occasion/ts-vi2916753
break,29,http://t1.gstatic.com/images?q=tbn:ANd9GcT8D29JAYDqHIQn6KlP2CXGF2xo0CjLmsbAhuvITxytkmmyxS3xy7e1Hno,https://blog.vivacar.fr/meilleur-break-occasion/
break,30,http://t2.gstatic.com/images?q=tbn:ANd9GcS04z0IF2aFBjl9UGh4zvU3pSI6hM_nX8IzhSkXO1pn3ricKJuvxNq0JDk,https://www.loceco.com/voitures/tourisme/familiale-break
break,31,http://t3.gstatic.com/images?q=tbn:ANd9GcQnFZzBN3ygtCk6VBjVzm-FX9e-igxPH6QFbPh-INfyFZi4VTfCgLsJ1pLA,https://www.pinterest.com/pin/546835579739510288/
break,32,http://t0.gstatic.com/images?q=tbn:ANd9GcQZlz3_52Y9DxRZyuOyqCGp9vN_15hscQiD3cVw88W4EpQ5iAdUHJfci7Z4,https://www.mali-camions.com/voiture-mercedes/break/classe-e/noord-brabant/ts-vi4764397/occasion.html
break,33,http://t1.gstatic.com/images?q=tbn:ANd9GcSLie51RTg9ILrYes3ve0XJNSGAooaBTxDlla1p-ihIqGGiFHvZUYjc1-2m,https://www.autoplus.fr/dacia/logan/actualite/Dacia-Logan-MCV-Break-Volume-de-coffre-Classement-1521874.html
break,34,http://t2.gstatic.com/images?q=tbn:ANd9GcRJHLLuwnwHYbVZya_c_6RM64ybdNDEJJe--b99PlEcqTFsHBAfviKywy0,https://www.2dehands.be/a/auto-s/mercedes-benz/m1508009530-voiture-occasion-mercedes-c200-break.html
break,35,http://t3.gstatic.com/images?q=tbn:ANd9GcSed5t7P4VR6D4AIsDddqUi7mO5saf1kuoOuZt5-Ze_XzgiLHGimWUHnw,http://www.theparking.eu/used-cars-detail/peugeot-405-break/voiture-peugeot-405-break/BEFM9UKP.html
break,36,http://t0.gstatic.com/images?q=tbn:ANd9GcQ6n1ZIYhkzNYEbGWFWFK0d-ghikHVfV8WDvDss0od6dMqKCNSRVvlB7uw,https://www.rentiz.com/vehicules/voitures/bmw-serie-3-break-automatique
break,37,http://t1.gstatic.com/images?q=tbn:ANd9GcRXol7nR_t0UfLt89I6XOfvAI-Z5Y6NHTSsIBpIqtKf52UxizYjOC7p2g,https://www.vehicule-ideal.com/vehicules/monospaces/5-7-places
break,38,http://t2.gstatic.com/images?q=tbn:ANd9GcSzJ7-bynqi1uypnDkoSr7wi6bpwZphXJKWBTYUJApl2sOQMDu1qt29PjqG,https://auto.bfmtv.com/diaporama/break-de-chasse-le-top-10-des-accelerations-4663/a-hrefauto-bfmtv-comactualitepanamera-sport-turismo-le-premier-break-de-l-histoire-de-porsche-1114160-htmlporsche-panamera-turbo-sport-turismoa-38-secondes-de-0-a-100kmh-8/
break,39,http://t3.gstatic.com/images?q=tbn:ANd9GcSh50VSjraroBkUUKLHN5G8y5DzIKvPm-kL6flpHzdzUF-nO7UHJL_l98_9,https://www.annonces-automobile.com/mag/info-8-break-premium-comparatif-breaks-premium-2016
break,40,http://t0.gstatic.com/images?q=tbn:ANd9GcTrpFCqxEHsymI8d15L1xRxPwDg6Zb5l06al8FFhGpe08IYIavNnKsQLFc,https://www.caradisiac.com/break-d-occasion-a-moins-de-3-000-eur-les-10-meilleurs-choix-176902.htm
break,41,http://t1.gstatic.com/images?q=tbn:ANd9GcQuqbgFGOFVRo5tvxyU9wAMlcUgSasgD8glRwOv1xllKUjC9YjnyUpgNFoA,https://blog.vivacar.fr/meilleur-break-occasion/
break,42,http://t2.gstatic.com/images?q=tbn:ANd9GcTK-j19KSbpu4wPHa-CydBudYEW939vTTmjhCtakEqLS-z-N76DGbnlrhU,https://www.europe-camions.com/voiture-seat/break/leon/noord-brabant/ts-vi3352330/occasion.html
break,43,http://t3.gstatic.com/images?q=tbn:ANd9GcSQESC61KV_UGagyTE97EyjJes5nn0Dn3YCtPZJhcw5bQHGu4mtPjaddIXX,https://auto.bfmtv.com/actualite/le-break-de-chasse-cette-carrosserie-classieuse-965467.html
break,44,http://t0.gstatic.com/images?q=tbn:ANd9GcRdsiPQEtfLp_ot6E3iasiAp9Tgy2U6EuszEeI8x61GEGwLI_fJRaeZgyCC,https://www.tweedehands.nl/autos/ford/focus/voiture-ford-focus-break-2009-520312001.html
break,45,http://t1.gstatic.com/images?q=tbn:ANd9GcTLkSSI923w2niyUtNoYxT3yNmo3j_wGnPVl6AU7HI9G628ktt0m9xD_fM,https://www.automobile-propre.com/tag/voiture-electrique-break/
break,46,http://t2.gstatic.com/images?q=tbn:ANd9GcSohiS1h04shh8rEswEHXek1oGAmaSzlJskwC89zwFE7BGFlx03Y9gKxNv4,https://www.opel-besancon.fr/voiture-occasion-mercedes-benz-classe-c-break-fr-fr.htm
break,47,http://t3.gstatic.com/images?q=tbn:ANd9GcRA3XlyR6WuuDGT5BweXA7ck0mAI0IUKoL2w5H8V2MPAjGGsku1osqPmE-k,https://www.autoplus.fr/kia/stinger/actualite/Kia-Stinger-X-Tomi-restylage-Break-1512541.html
break,48,http://t0.gstatic.com/images?q=tbn:ANd9GcQkXFS2GsDzK_AX_mhtK7WjvlcDUS-2M-Ye8mMwcAMdjSrOtXXNCJL2IA,http://www.theparking-cars.com/used-cars-detail/peugeot-407-sw/voiture-peugeot-break-407-sw/A0064N2Z.html
break,49,http://t1.gstatic.com/images?q=tbn:ANd9GcRv4Mpb7LwXQL3lbLFdJXuABc_qGxD70fGlp2U18y5Zd85Ez5i9vFqFinw,https://www.ilatou-sarthe.com/achat-voiture-neuve-bien-choisir-vehicule-break.html
break,50,http://t2.gstatic.com/images?q=tbn:ANd9GcSMOqNCn-7JDx12lsFgSlPE-kzjFg-YYLGN5KQl4ETX2BSUjg3BpGgFyAQ,http://www.theparking.eu/used-cars-detail/citroen-zx-break/voiture-zx-break/A0YC5Y7Z.html
break,51,http://t3.gstatic.com/images?q=tbn:ANd9GcSYcs2dC8BxxHYqLmmbURzESjWsbLf7aKW1d4pvgUVtrCCAHAKKGzzq2ic,https://www.loceco.com/voitures/luxe/routiere-break-automatique
break,52,http://t0.gstatic.com/images?q=tbn:ANd9GcTcdjI9Av_ENnPmHxDOTcbfxwdKpX9O75leWmcBm-i-ZMBMV5osn5eFZd7u,https://www.via-mobilis.fr/voiture-break/skoda-octavia/occasion/ts-vi3559238
break,53,http://t1.gstatic.com/images?q=tbn:ANd9GcQiWtxD99dghwosF51OGEQKgO-IvC853q6rS4oqkmK8OJ-tPhRuc1-Kxjk,https://www.annonces-automobile.com/acheter/voiture/c/break
break,54,http://t2.gstatic.com/images?q=tbn:ANd9GcT9pfyQzSR1G7ZM_h7xfOiBEG65fSM0lWi3s8sj9VHlbpbFhnximmr9BgoKNA,https://www.pinterest.dk/pin/410320216049882308/
break,55,http://t3.gstatic.com/images?q=tbn:ANd9GcQvtEHIQwpW-dZtA_HQTsDNLyDbTv5JKveF2xw23ZXMHnaCqxRie2LtKK-M,https://www.largus.fr/actualite-automobile/guide-dachat-occasion-14-breaks-a-moins-de-15-000-e-3782381.html
break,56,http://t0.gstatic.com/images?q=tbn:ANd9GcTlYBH2xc5nGJC0dJoTpEqCl2Nxb3nkNAGU0DhC66KXdE6IFjIFqAzgj4U,https://www.garage-auto.info/voitures-break/
break,57,http://t1.gstatic.com/images?q=tbn:ANd9GcTAq2Ko1weUCCwYYngUtyEQYcR1EZcJ0bRg8RKzzAp_vDYhGCP0atQ07B1j,https://www.2dehands.be/autos/hyundai/i30/voiture-huyndai-i30-break-498868459.html
break,58,http://t2.gstatic.com/images?q=tbn:ANd9GcRpKqejXC13IAI01vCqeY4o7apfj2UDiJ7gOM_XoxTuszMnYzgNC9WPPkI,https://www.carissime.com/jaguar_xf_r_break_xfrs.htm
break,59,http://t3.gstatic.com/images?q=tbn:ANd9GcSAh2n0y9VaWXPo9Oww_FdxWd2GkBwb0ByCnojTTF4vXxoXIw4QU7ONZA,http://www.theparking-cars.com/used-cars-detail/peugeot-306-break/voiture-306-break/6FXMDYEC.html
break,60,http://t0.gstatic.com/images?q=tbn:ANd9GcR79fYkcUrEKA667RumidOx37sVMwmH7KIxN0fPaEjO2Ky5fRLA2C96v2iY,https://www.capcar.fr/blog/acheter-un-break-doccasion/
break,61,http://t1.gstatic.com/images?q=tbn:ANd9GcSaV8DjfqORC43vd2PCrMEt67vkOkLfz9vhxi1yFWUExD7Zj7al656VM6CT,https://www.ledauphine.com/societe/2018/11/27/508-sw-peugeot-fait-le-break
break,62,http://t2.gstatic.com/images?q=tbn:ANd9GcRay_SlXtEyZL2uqsEM9C03OkHPbC-S7dt9RQrVQxyM9fgrvlpITiHzrCQ,https://www.carissime.com/jaguar_xf_r_break_xfrs.htm
break,63,http://t3.gstatic.com/images?q=tbn:ANd9GcSdT7lM8hwapNf6WVGZ0Re6TzUoWBSGKUMlcmmKiID-_OQxfGTKI2cHTGPL,https://hintigo.fr/break-familial/
break,64,http://t0.gstatic.com/images?q=tbn:ANd9GcSu9_Mu-_lyUpyn0VwKBrp7_VOILjg4C10sjZeuRV2yjWz4l709b-Vv2uU,http://www.theparking.eu/used-cars-detail/citroen-zx-break/voiture-zx-break/OK02N21S.html
break,65,http://t1.gstatic.com/images?q=tbn:ANd9GcTtzTHpzmByHB0toF01t-3p8MeiP3VpHrUewd_g566QQgScMSnB2UuHn_4j,https://www.maroc-camions.com/voiture-renault/break/laguna/limburg/ts-vi2865924/occasion.html
break,66,http://t2.gstatic.com/images?q=tbn:ANd9GcRc7R7GWwKOXvz00O6eqSbkE4Vau02phFeggF6Y1pp9QVOKi2gq6LQXguds,https://voiturematpeinture.wordpress.com/ferrari-599-gtb-noir-mat24/
break,67,http://t3.gstatic.com/images?q=tbn:ANd9GcQfzvZAkE-bX6lhGzxz0Q8w7LKzsBYPgaCNVN6_DA07xOFupEnt6D1v774,http://www.autocadre.com/actualites/3096-voiture-mercedes-break.html
break,68,http://t0.gstatic.com/images?q=tbn:ANd9GcTIngDX6BByLfjxhFwpJIWiYhmHkhpR04BLRQFXuMTLMuq4CVcAww3BRHXQ,https://www.youtube.com/watch?v=HJEyPdYbnJc
break,69,http://t1.gstatic.com/images?q=tbn:ANd9GcQ23qYPW16fyYytF2HettxLm4xTNbZy1e9v1KJ5JrDaSiFiEhRyocEJwnA,https://commons.wikimedia.org/wiki/File:Compi%C3%A8gne_(60),_mus%C3%A9e_de_la_Voiture,_Break_automobile_Delahaye_1897_2.jpg
break,70,http://t2.gstatic.com/images?q=tbn:ANd9GcTwRAJI0y3niJUSY1BX0FeUYF0G1vtG7XPTwPrx0-qZBpH6dj2Zrs8NCLXT,https://www.autoxchange.nl/fr/peugeot/307/peugeot-307--clima-break-1-6-hdi-vandaag-a-p-k-mo-1181159.html
break,71,http://t3.gstatic.com/images?q=tbn:ANd9GcRgDFduJ9zMBvqmpGV5TRUnTojStR1-SB5A5lnYMV5rIPrDRZuOMJSeB9xi,https://www.caradisiac.com/Les-meilleurs-breaks-40216.htm
break,72,http://t0.gstatic.com/images?q=tbn:ANd9GcT2K-ioPb-uqEmzzjmReaZZQWND7U2LHmGUKQnXe4Ab_Z0BkzXIgZL5Tq6x,https://www.automobile-propre.com/voitures/toyota-auris-touring-sports-hybride/
break,73,http://t1.gstatic.com/images?q=tbn:ANd9GcR0M5l2_olMbdwb6itV4Q3jEjY7_OmDqmz0LO7d1mqvtVCZMs89Cu3LMj4,https://www.theparking-cars.com/used-cars-detail/peugeot-406-break/voiture-406-hdi-break/WTXRVGN1.html
break,74,http://t2.gstatic.com/images?q=tbn:ANd9GcStar-gWFnvQMa5fWrXicnoLkrtIZlTnwVHXTxzWRZmzATIawdZGMA3VRE,http://www.autonews.fr/nouveaute/volkswagen-golf-variant-47911
break,75,http://t3.gstatic.com/images?q=tbn:ANd9GcRQ5DHaTNYDNIrXVl38REFYSA0-MmGg62-1rdry3i6RfGNTBlBj3RzsTg,http://nl.leparking.be/tweedehands-auto-detail/chatenet-ch32/voiture-sans-permis-break-chatenet/EEHG0LOB.html
break,76,http://t0.gstatic.com/images?q=tbn:ANd9GcRTAcP0yziY0oAgQpH8HHojWhGhsX5dak5gAIfTdaUY8RFI3NuSCqyOOw,http://www.theparking.eu/used-cars-detail/citroen-ami-6-break/voiture-collection/JJYBJN0F.html
break,77,http://t1.gstatic.com/images?q=tbn:ANd9GcT6uLX6GuNG_GGUuKRdP14DeGwpt0ZggWEGv1L2WFGahPV6K2-mZgOh-mo,http://application-paruvendu.over-blog.com/2018/12/voiture-d-occasion-des-modeles-break-disponibles-sur-paruvendu.html
break,78,http://t2.gstatic.com/images?q=tbn:ANd9GcQ9uFErX-BIyzAQv10aI25RyagJss33FeMW0-G3VvEYGaa9vhl72rJ5sBqH,https://www.tweedehands.nl/autos/ford/focus/voiture-ford-focus-break-2009-520312001.html
break,79,http://t3.gstatic.com/images?q=tbn:ANd9GcSy5FF5X3Xf9s233fuXOBclxq-BXRfIRJ4TwASFDXy3rMIa9BnWLdT_bVhR,https://stockwagens.ghistelinck.com/fr/store/voitures-de-stock-mercedes-benz/mercedes-benz-c-klasse-180-d-break-bs-directiewagen-5926
break,80,http://t0.gstatic.com/images?q=tbn:ANd9GcQ9tbLBskETw1JON4HqHhtNID5BK0uc6VPmAb4dRn_FTKqwKrTMdf5h4_Y,https://www.trucksnl.com/fr/de-occasion-volvo-v50-16-d-airco-trekhaak-6035571-vd
break,81,http://t1.gstatic.com/images?q=tbn:ANd9GcQrcgQsI0GtdZU9LNKMaPYeyFpvwL_mUskvefEsNOt1AYAXLxSGnieyqrA,https://hiveminer.com/Tags/break,voitures/Recent
break,82,http://t2.gstatic.com/images?q=tbn:ANd9GcTw1Jpy9K2JseAYO9P00o6OWLdYQYP9d-NimlhoXUs8HJzQE37A11-qgg8,https://www.pinterest.com/pin/490751690637575504/
break,83,http://t3.gstatic.com/images?q=tbn:ANd9GcTuxsJjigjODy6n4csipWc7Ju1wuijBlp-uisvaHKy2acFv2Ee5api5OIQ,https://www.trucksnl.com/fr/de-occasion-volvo-v40-18-europa-elegance-6034549-vd
break,84,http://t0.gstatic.com/images?q=tbn:ANd9GcRnTAAIj651sSim0mD0lir9MdXvw5YtISsRGRSfQXsT7BE7xFFBjSJc1qM,https://www.youtube.com/watch?v=ucVRKVN0HzM
break,85,http://t1.gstatic.com/images?q=tbn:ANd9GcT9KPRxVXWjG8641yLWxR6V9TE_-vDjVGF60KweCCMEiTqiX6EbIg85M9-d,https://www.marketoy.com/voiture-break-blanc-metal-audi-q7.html
break,86,http://t2.gstatic.com/images?q=tbn:ANd9GcTNgAanXL03bh94GcrPOZ6zK8Wf6izJKQ9J6JwGf0wOHqy7fIS75et_R7Y,https://fv.andantefilm.se/item/32796399918
break,87,http://t3.gstatic.com/images?q=tbn:ANd9GcQ2zDscgO4xRlDDYdTl9XQ1M1RgUgH36rehsSo0qMt07UXtBKmxQqXBwFkp,https://stock.adobe.com/sk/images/voiture-break-grise/162236516
break,88,http://t0.gstatic.com/images?q=tbn:ANd9GcRLXtuE5LOOkSy5edeM4OaDfqkZIeKsghpK_8ndIYqo5bBQ9Yblna766xY,https://www.automobile-magazine.fr/toute-l-actualite/article/24461-la-kia-proceed-2019-se-change-en-break
break,89,http://t1.gstatic.com/images?q=tbn:ANd9GcTmgZ3NRrvwo90wg7HlyJez48-Etgj-ODjNmx-JjXR8T8jqWuOpWyZEvypl,https://www.gettyimages.com.au/photos/voiture-break
break,90,http://t2.gstatic.com/images?q=tbn:ANd9GcS0aBYLWjV2O_hZsDJA5i4Tx8JjhEtsTDCaAu_qFFevEU8VrYHVCEHogrc,https://www.benl.ebay.be/itm/Housse-voiture-auto-bache-de-protection-break-TL-4-58-m-/190783529707
break,91,http://t3.gstatic.com/images?q=tbn:ANd9GcTV-Uf6xO81Np2H894qi5vbgwLFqkB8uqrVl9dN9cci4SV6KLjneA84iQg,http://trip8.jp/managerl/Catalogue-voiture-pub-auto-prospectus-Peugeot-familiale-et-break-grand-luxe-Autos-tracteurs-a724622/
break,92,http://t0.gstatic.com/images?q=tbn:ANd9GcRaj8MGCNvoFY91fXvY-1retkZDbJiEfgQZIYnX5nQJc7TT2FootvQDlw,https://www.securitegooddeal.com/securite-auto/1075-cloison-de-separation-pour-voiture-break.html
break,93,http://t1.gstatic.com/images?q=tbn:ANd9GcRTpmjQLiXW3kEgcBpjRG847Rv-fKXOUiLC9AK_u3xG0ad1bbSSt5Ly2Nc,https://wallhere.com/en/wallpaper/961213
break,94,http://t2.gstatic.com/images?q=tbn:ANd9GcQEgGkdt4rEYmvnLU_l9kxs9kTiFK-nqR5RUvidI5jThvuKsb0Lwqy85oA,https://www.gettyimages.fr/photos/voiture-break
break,95,http://t3.gstatic.com/images?q=tbn:ANd9GcTeSnahibdS25ngsruvgDiLQ6jvFNx5ZSmQVXiS8QxPTw2gFg6iAWYgcw,https://voiture.mitula.be/voiture/bmw-noir-break-antwerpen
break,96,http://t0.gstatic.com/images?q=tbn:ANd9GcRGmsJMDj0qSl7kjBcM-XgTn9s6acLYWz6HSMZoKYSFHz6MSrnC4ZG7B5M,https://www.tunisie-camions.com/voiture-seat/break/leon/noord-brabant/ts-vi4628571/occasion.html
break,97,http://t1.gstatic.com/images?q=tbn:ANd9GcR9PDFMwjkFvsSrHBmwv_50erG6BcttgF9pWYIgrYmFuRxi_BeWhvkU-cs,https://www.garage-patrick-petit.be/index.php/fr/mazda/mazda-6/mazda-6-20-sky-g-premium-edition-break
break,98,http://t2.gstatic.com/images?q=tbn:ANd9GcSxdeJvHwVm9nTSlP5JpFBSiUY5mhxc29VLstG9EN3sbcZ08kFHeytOrkw,https://www.caradisiac.com/Les-meilleurs-breaks-40216.htm
break,99,http://t3.gstatic.com/images?q=tbn:ANd9GcRXQbnf6zupgJW5bdn4xkn1bvURItB8GCNfgUfE45guprcCdd6nJE4Irg,http://www.theparking-cars.co.uk/used-cars-detail/microcar-mc2/voiture-sans-permis-microcar-mc2-break-preference/YDSMYJHS.html
break,100,http://t0.gstatic.com/images?q=tbn:ANd9GcROZUzvDCTOe16FT7Y4tJb_FEW8jJ8d3W37AzCzJEflj5QkFln1BpXqBXg,http://www.leparking.ch/voiture-occasion-detail/mercedes-classe-c-break-c-180/voiture-mercedes-c180-break-occasion/KJZAJHCQ.html
break,101,http://t1.gstatic.com/images?q=tbn:ANd9GcSEdnJvk0g8H0WCvdL4w0UJWHyYHIx-eeiBQ7s18Jk1P-FZyU4UMXDgbwrV,https://www.flickr.com/photos/janbarnier/5814753113
break,102,http://t2.gstatic.com/images?q=tbn:ANd9GcRXwGdxDIT3ldzFEYDRUfafJICHXJwQzYQ6C62ERESpzZ-SMB-0cGYQjxJ2,https://www.primocar.fr/voiture-occasion-break-fr-fr.htm
break,103,http://t3.gstatic.com/images?q=tbn:ANd9GcTw1Jpy9K2JseAYO9P00o6OWLdYQYP9d-NimlhoXUs8HJzQE37A11-qgg8,https://www.pinterest.com/pin/490751690637575504/
break,104,http://t0.gstatic.com/images?q=tbn:ANd9GcSlgEr8O-Cfj6GKw7GRedOZO6WY68XRg-ZelWloo4SFOS-zgMk4Pf3jnEUl,https://automobile-passion.tumblr.com/post/47709556148/tendances-le-retour-des-voitures-break
break,105,http://t1.gstatic.com/images?q=tbn:ANd9GcRbMA7NieB9s4P_SRBNSgf4oKEp--ZJxXoSsBe6E4LUNs-4kXSxq-W6wLw,https://www.dasweltauto.fr/fra/fr/occasions/volkswagen+passat-break+confortline+angers+break+diesel+RlJBMDg1MDA2NTkx=/
break,106,http://t2.gstatic.com/images?q=tbn:ANd9GcRM9SNA1Ctfo0tfiIRZcCKP_7VTBn8L31nf5nMsroy8ZLNXENWGQNbpLO0,http://www.theparking.eu/used-cars-detail/peugeot-305-break/voiture-peugeot-305-break/XQ9UVZ27.html
break,107,http://t3.gstatic.com/images?q=tbn:ANd9GcROZUzvDCTOe16FT7Y4tJb_FEW8jJ8d3W37AzCzJEflj5QkFln1BpXqBXg,http://www.leparking.ch/voiture-occasion-detail/mercedes-classe-c-break-c-180/voiture-mercedes-c180-break-occasion/KJZAJHCQ.html
break,108,http://t0.gstatic.com/images?q=tbn:ANd9GcQ6lO-_btdSfKVkHOy2hqKG3LXvm_eUkLYVHzOISbpBuO2N_rzeSzLIWeI,https://wallhere.com/en/wallpaper/990998
break,109,http://t1.gstatic.com/images?q=tbn:ANd9GcTwbzAvKUGw3S6zlLZwUyM5okUI2E4lkjW_CK-cgTKUMOHwlskGuuomGu8,https://www.marketoy.com/voiture-break-familliale-mercedes-class-k-shooting-couleur-noire-de-2015.html
break,110,http://t2.gstatic.com/images?q=tbn:ANd9GcQ5gbKsx7-b7zIv0lK91nfOrSvuxr1beAw4VZDiV5LZN9V0VU90lCl0of-9,https://www.flickr.com/photos/cricher/16687286683
break,111,http://t3.gstatic.com/images?q=tbn:ANd9GcTuxsJjigjODy6n4csipWc7Ju1wuijBlp-uisvaHKy2acFv2Ee5api5OIQ,https://www.trucksnl.com/fr/de-occasion-volvo-v40-18-europa-elegance-6034549-vd
break,112,http://t0.gstatic.com/images?q=tbn:ANd9GcRdknLdZ65ojwEttcmwRJhL4u3dN3OMrf5ma1bndkMIYUvFT_nol0CwPQ,https://www.neowebcar.com/dimension/peugeot/307-break
break,113,http://t1.gstatic.com/images?q=tbn:ANd9GcS9dEO1hlAasUqyyL-0ou4FM34-cleJA_M-JWjevUrRx6LGfz7gQqZb6ODF,https://www.opel-belfort.fr/voiture-occasion-mercedes-benz-classe-c-break-fr-fr.htm?SearchStartYear=&SearchEndYear=&SearchStartPrice=3000&SearchEndPrice=3000&SearchStartOdometer=40000&SearchEndOdometer=
break,114,http://t2.gstatic.com/images?q=tbn:ANd9GcRBDOastqaZWgCGm6LbPQr3pnJUaNeBqDnz1IPhZVNjtyyM4colFDig9Sm4,https://stockwagens.ghistelinck.com/fr/store/voitures-de-stock-mercedes-benz/mercedes-benz-c-klasse-200-d-break-fl-directiewagen-5175
break,115,http://t3.gstatic.com/images?q=tbn:ANd9GcRj7nHrmktACyt6NBZrP0n5Xa4RvL_SJTiQhqqh-fjtgWQljg6jac6-URk,http://www.voiture-mat-peinture-covering.com/album/bmw/bmw-z4-noir-mat-24.html
break,116,http://t0.gstatic.com/images?q=tbn:ANd9GcRGyg6LdikeieSxeGrsHbnSTb6G2FD4_7pU1NP5AvNkl-yMdsbPwzuSexp6,https://www.istockphoto.com/fr/photo/ford-mondeo-estate-voiture-break-gm472711744-64356411
break,117,http://t1.gstatic.com/images?q=tbn:ANd9GcRyZUuoiCeer-ekY_SLuxdK7rwHN4XeJXXaisCfFwjLP1DBqjTGfIbQaQ,https://voiture.mitula.be/voiture/ford-focus-break-antwerpen
break,118,http://t2.gstatic.com/images?q=tbn:ANd9GcQRdgReEU1wEECh1Rb-zwJhZDX85K3Kh4tg22rBxjVKXFtYT_u03Zk_nMt-,https://www.mali-camions.com/voiture-renault/break/clio/zuid-holland/ts-vi4752661/occasion.html
break,119,http://t3.gstatic.com/images?q=tbn:ANd9GcTR6cjMGFCJdjHiNPzMXUV0IaKrZjP8ZVgeFHP3ebM6VskpZRhtJ0dxC-Q,https://tn.via-mobilis.com/voiture-break/rover-75/occasion/ts-vi3669049
break,120,http://t0.gstatic.com/images?q=tbn:ANd9GcSqmvrgO82MgMmiaQ_2sAXUE5IQ1DTrBPLHvUhm30dFZyXya8zDrOn1nkI,https://zoomcar.fr/break-pays-de-la-loire.html
break,121,http://t1.gstatic.com/images?q=tbn:ANd9GcSqmvrgO82MgMmiaQ_2sAXUE5IQ1DTrBPLHvUhm30dFZyXya8zDrOn1nkI,https://zoomcar.fr/break-pays-de-la-loire.html
break,122,http://t2.gstatic.com/images?q=tbn:ANd9GcTgtWKIo2muis4gx2LYhJpQjU20sEvuQ09w8TSiB4OTdKtRTeLdwWqQRmA,https://www.elite-auto.fr/automobile-break.asp
break,123,http://t3.gstatic.com/images?q=tbn:ANd9GcTlg4Exw4EmePgO96D_XICtOy4MKoL12AxsF21AGD0ZvMq7r8WvVdp9XQnu,https://www.jaimemavoiture.fr/en/parts-external-makeover-for-audi-a4-b6/79-audi-a4-break-8th-lights-led-red-white-rear.html
break,124,http://t0.gstatic.com/images?q=tbn:ANd9GcTS4yECF1I45cBJQ04vGsAfBDr1-TjiNYsAMcjWDXHtNNNTpvTs8RqLYuU,https://www.turbo.fr/kia/ceed/fiche-vehicule/kia-ceed-sw-2018-la-compacte-coreenne-fait-le-break-126582
break,125,http://t1.gstatic.com/images?q=tbn:ANd9GcS-GTPz3du7lrBnd1NbCU9CP0-lybITiX0Uf7RUpR-vHXZzOlc7yWLEhQ,https://www.hobbydb.com/catalog_items/5-portes-la-voiture-genereuse-est-aussi-un-break-ultra-pratique
break,126,http://t2.gstatic.com/images?q=tbn:ANd9GcRorfk6RjhMn0GHtHKVfEqbq1JQ36mdF5DiXsp8qhKU2wW4pyrj35sBI9c,https://www.istockphoto.com/fr/photo/mazda-6-estate-voiture-break-gm475735200-66178423
break,127,http://t3.gstatic.com/images?q=tbn:ANd9GcTL0HaTy2C4aYAKUNj982MmYE2FOOgtPUGpOee53UVleK1jFy-7Ktr8Yqw,https://www.trucksnl.com/fr/de-occasion-peugeot-307-sw-16-16v-airco-6009663-vd
break,128,http://t0.gstatic.com/images?q=tbn:ANd9GcRNKbMi60rFHNx7vJ0QMa31K7ajRRtfJCVRVByiY9VPYpq6nn5QIX_14HWi,https://commons.wikimedia.org/wiki/File:Marseille-Nice-La_Turbie_1897_-_la_voiture_break_%C3%A0_vapeur_d%27Andr%C3%A9_Michelin_(61kmh).jpg
break,129,http://t1.gstatic.com/images?q=tbn:ANd9GcQWNr8X84dN0pYSni-sRpM-ZOwgXb7eBD7zilKe4UoZ6k4aydKZYSzdh8I,https://www.1classadditions.nl/fr/moltex-buitenhoes-sedan-copy-copy.html
break,130,http://t2.gstatic.com/images?q=tbn:ANd9GcS2SdhVMlTbSoh6PBEVdfJV6kabDp4bCwVmN1pDZjdIepbEItv1y_CuUec,https://www.dasweltauto.fr/fra/fr/occasions/volkswagen+t-roc+style+vesoul+break+essence+RlJBMDg0NzAwODQ3MDI3OTY5ODA5=/
break,131,http://t3.gstatic.com/images?q=tbn:ANd9GcS2_l4-vNpFDPfjm3XcpnZfRiZgtxftTkoXQvFTzxTTXzUdNaZrqVHL5w,https://www.amazon.fr/APA-38502-Demi-housse-voiture-taille/dp/B002520UBU
break,132,http://t0.gstatic.com/images?q=tbn:ANd9GcRASwxxj6VWvHxJj0TNQ59Vi7o5M9z_5-80QcgZYDBmXxCyxCJjWet7fFo,https://www.peugeot-sedan.fr/voiture-occasion-honda-civic-break-fr-fr.htm
break,133,http://t1.gstatic.com/images?q=tbn:ANd9GcQk_tYAk8O--HXXlxhzy3fmcpYhV1cLBPVskjeoGheEHO57l7FHxz15sZse,https://www.auto-selection.com/guide-voiture-occasion/criteres-recherche-voiture-occasion/critere-categorie/voiture-break/
break,134,http://t2.gstatic.com/images?q=tbn:ANd9GcRWpdEl5vCtq-_wdtwwizDT0Hm77R77XQxwF4TBBr5R4vZtYKomiFnkm4ZR,https://www.pinterest.at/pin/626915210606054828/
break,135,http://t3.gstatic.com/images?q=tbn:ANd9GcRnZ3yXwwKE8qQSMmV7cOI7I8UKKRXfxKDU3BmEj9VlvWY7L52J4hE7Bcg,https://www.largus.fr/actualite-automobile/les-voitures-francaises-les-plus-moches-475141-9993951-diapo.html
break,136,http://t0.gstatic.com/images?q=tbn:ANd9GcR6O9TFEx6ni28zsut2KJEhrLQ48hlDG-fckddGujljkSbZ7TqQir-_JzVw,https://www.gefmotors.com/voiture-break?lightbox=dataItem-j7kqwgul2
break,137,http://t1.gstatic.com/images?q=tbn:ANd9GcQ37J20_T-jAAzx4tH4u7jq7o0v-y233mRisT12Wz7Tcy1EDfGiBVLubBQ,https://www.automobile-magazine.fr/matchs/article/9197-essais-matchs-peugeot-308-sw-2-0-bluehdi-150-auto-feline-contre-volkswagen-golf-sw-2-0-tdi-150-dsg-carat
break,138,http://t2.gstatic.com/images?q=tbn:ANd9GcS04WULg59F1mAkDoWvBs0xR8O7CH0pWOBVkj2AyL2EkGoA8GhRbIbtWQw,https://www.vehicule-ideal.com/vehicules/monospaces/5-7-places
break,139,http://t3.gstatic.com/images?q=tbn:ANd9GcQ4oeypTC6Xg_jZxyukgeI7pgfwBGTTVKHX5eQD2qaUcrWK16ZddGMDuVgs,http://www.voiture-mat-peinture-covering.com/album/bmw/bmw-x6-noir-mat-39.html
break,140,http://t0.gstatic.com/images?q=tbn:ANd9GcQBdI1jrSqGqp7-aicV4t6lA5YU9Ee9eA4t1ir1_8tj4HD634IC1uT4cz8,http://voitures-vintage.fr/voiture/peugeot-204-break/
break,141,http://t1.gstatic.com/images?q=tbn:ANd9GcRyIW_8_yhOXgqcwQdR2-Mb_u2FAUbxH2oCuuzlRtxWLc8gj4i0I7TedZM,https://fr.wikipedia.org/wiki/Volkswagen_Bora
break,142,http://t2.gstatic.com/images?q=tbn:ANd9GcR5a2eHz9qcaMqjLl_0W36Bbk0OSKE2T-KiEsb4afzzj6t1ZUKp6slPeos,https://www.educol.net/image-break-i24098.html
break,143,http://t3.gstatic.com/images?q=tbn:ANd9GcS56X-MWwFKo6VEM4O2cAtBoWIrMtBxNx_qx_Y1YFe5yP_yTxlKFZ35JZbl,https://www.sndiffusion.fr/vehicles/index/page:1/gearbox:automatique/condition:VO?category=break
break,144,http://t0.gstatic.com/images?q=tbn:ANd9GcTBjj85zPnAEcovBrSxUnvqHY--pOmgbcA3tw1jJrMJn6Lmc6cU0ChivqRV,http://www.easycarbooking.com/fr/detail-dune-voiture-en-location/voitures/463-location-de-voiture-volkswagen-passat-break-location-de-voiture-pas-cher-location-voiture-particuliers.cfm
break,145,http://t1.gstatic.com/images?q=tbn:ANd9GcSKXxM-vzDqBaTNaLRen9xG3ugW56FrccUkLZ2zTITCw3tgoKTvx7OGJw,https://voiture.kidioui.fr/lexique-automobile/avant.html
break,146,http://t2.gstatic.com/images?q=tbn:ANd9GcQCQwVfxpPhKgbUzzcChUEfXZvuB0Gb29MXtexQHeWMWmBfr8OZ5O0tT5g,https://www.anibis.ch/fr/d-automobiles-autres--209/%C3%80-louer-voiture-break-et-petit-utilitaire--25208419.aspx
break,147,http://t3.gstatic.com/images?q=tbn:ANd9GcRuHeDFf3yKGCXqhpu65x8jMQGsckqFCpscc_NAhVHunkxnZvth51xrwnrF,https://fr.123rf.com/photo_59320530_berlin-05-juin-2016-voiture-de-taille-moyenne-buick-century-break-%C3%A0-4-portes-x28-troisi%C3%A8me-g%C3%A9n%C3%A9ration-x29-.html
break,148,http://t0.gstatic.com/images?q=tbn:ANd9GcRPNAfoBWwY27knywI6ZIOn8O5wXkNmDuSqepnfWioZq317BuBgQT146eQ,https://www.pinterest.com/pin/528187862520648027/
break,149,http://t1.gstatic.com/images?q=tbn:ANd9GcSqK6Eid_QBgv2Kp8hlKjOVw7Q19vA_4RRT__NfJPyM-JyV6ZeSxDpVUpkdFQ,https://www.challenges.fr/automobile/nouveautes/cadillac-bls-break-suedois-naturalise-americain_410189
break,150,http://t2.gstatic.com/images?q=tbn:ANd9GcTkAl9YvvWTzz7zVSF6Fff3dvQ77LeOXZvgsmHH12NjVKLSXIO-NZQHlQ,https://www.ebay.com.au/itm/VOITURE-ZASTAVA-1500-F-BREAK-FIAT-1500-IXO-DE-AGOSTINI-BALKANS-1-43-EME-/192445153595
break,151,http://t3.gstatic.com/images?q=tbn:ANd9GcSqAOK33Ipz13ie1WJzFfe7S49t5DMuAWwPE7QV4beribwqdZs2KdPZaCw,https://www.gefmotors.com/voiture-break?lightbox=dataItem-j7kqwgup5
break,152,http://t0.gstatic.com/images?q=tbn:ANd9GcSwZ9Q9o1pM2t6G2k4r7Kq9y1kE7Nf_SlsX8RbYT-gnFs-MfrnGRioW2jE,https://www.auctelia.com/fr/materiel-occasion/transport/voiture/voiture-citroen-c5-break-diesel/index/77846
break,153,http://t1.gstatic.com/images?q=tbn:ANd9GcQ4h8jgpMDNg3QIwyJCjFO5vOPpFYPVOoCEOp49GRDtIUEqNpVRFYkuJA,http://www.theparking.eu/used-cars-detail/peugeot-406/voiture-occasion-peugeot-406-hdi-break/KJDSG3OQ.html
break,154,http://t2.gstatic.com/images?q=tbn:ANd9GcT12cTMESMw7E6GdRdFOj8xrt-clIRR0xDbyPrjZTp3Ox0FEN7RInl1qg,https://voiture.mitula.be/voiture/opel-insignia-break-limburg
break,155,http://t3.gstatic.com/images?q=tbn:ANd9GcTWzUK8StqOVblYw1ebRgrtCFU8xiSZkT0vYa-F8XeA5Dc1WinbMGpHv20,http://yvetot.via-automobile.com/
break,156,http://t0.gstatic.com/images?q=tbn:ANd9GcRTXfUQUbKl7PaKzmsiD1ZNsk_KKZjY_XAjK2sWpZdoL8nTzrGypTKOmbg,https://www.tweedehands.nl/autos/ford/focus/voiture-ford-focus-break-2009-520312001.html
break,157,http://t1.gstatic.com/images?q=tbn:ANd9GcTsesRy-WPMeRgl85Fm9FcaMsbRSIcm3TcxpyWLiRSv8Qdeg0LjjSfC4DU,http://www.essais-autos.com/2018/01/7-breaks-nerveux-pour-papas-presses.html
break,158,http://t2.gstatic.com/images?q=tbn:ANd9GcT5hC3PV9KEH1GZbQcJAL0RNl7dk5ltU-WOcqUzbhFbI2CUa86c_3bb2P9P,https://www.trucksnl.com/fr/de-occasion-renault-megane-estate-15-dci-bose-5247336-vd
break,159,http://t3.gstatic.com/images?q=tbn:ANd9GcRnZ3yXwwKE8qQSMmV7cOI7I8UKKRXfxKDU3BmEj9VlvWY7L52J4hE7Bcg,https://www.largus.fr/actualite-automobile/les-voitures-francaises-les-plus-moches-475141-9993951-diapo.html
break,160,http://t0.gstatic.com/images?q=tbn:ANd9GcTZkaJzYYeppppIWeg4xKDTiPOtjTUhifsQBxeZ40EzGGHDEGQKdBF5DqQ,https://blogautomobile.fr/mercedes-coffre-de-classe-e-break-ne-suffit-passez-a-binz-xtend-93888
break,161,http://t1.gstatic.com/images?q=tbn:ANd9GcTYu9tNjwBBxtbXZRt0vQre_l5gJzLMG_MrkoQ_7jkrGTHVVB7WO33K0w,https://www.promobutler.be/nl/promoties/protection-pour-coffre-de-voiture-break-colruyt-636199
break,162,http://t2.gstatic.com/images?q=tbn:ANd9GcSaw82HAsIlO8vEyMyLm9ajRj5ie__YcyWK5y2IX6uNljWL8qr94bkz1qoh,https://www.sixt.fr/location-citroen/c5-break/
break,163,http://t3.gstatic.com/images?q=tbn:ANd9GcTNaLLbx9pPjKjNkWGUf9A3TtUgLqBK6NOCqErCwWAY-WvlXfHROeuicH-x,https://commons.wikimedia.org/wiki/File:Compi%C3%A8gne_(60),_mus%C3%A9e_de_la_Voiture,_Break_automobile_Delahaye_1897_1.jpg
break,164,http://t0.gstatic.com/images?q=tbn:ANd9GcQmGN0DNf17lOKCbMvfrgJmr_RgFmZIaTHzLqLxfpYX87KmvcH3-bOLvQc,https://www.mali-camions.com/voiture-mercedes/break/classe-e/zuid-holland/ts-vi4753898/occasion.html
break,165,http://t1.gstatic.com/images?q=tbn:ANd9GcQ1c8V7NxGhxCAZXB-tGt92CDvzdmyvuSaI5g3wfrWjV8ASOnB79C-5vui0,https://fr.123rf.com/photo_52857670_maastricht-pays-bas-15-janvier-2016-grande-voiture-familiale-peugeot-203-break-quot-h%C3%B4tel-sporting-taxi.html
break,166,http://t2.gstatic.com/images?q=tbn:ANd9GcSOKR083xWqT5ApYPIydmmbaD8s4qYCIbUPzkN1io4D-C4kAkQ4zXbeQqs,https://www.reezocar.com/en/voiture-occasion/renault-laguna-RZCATWNL26317916.html
break,167,http://t3.gstatic.com/images?q=tbn:ANd9GcQ-dCvKeny0PcSf3gdcxOxKgacDzB8oHfpd0bsh7HoqH_V0p3FUbjIgyCg,https://www.marketoy.com/voiture-break-bmw-serie-3-de-couleur-bleu-clair.html
break,168,http://t0.gstatic.com/images?q=tbn:ANd9GcQ04-5kOa-DBZ6R1oFcfgmlZSajGONR3D8ATCTnCF5xLxf4sGfroUk0ZDzP,https://www.oceaniepourleszeros.com/vehicule-australie/
break,169,http://t1.gstatic.com/images?q=tbn:ANd9GcQNCtDIaSsmOkNp1O92LUltLhuO3jx_1OZgHGKS5t3PENE_CPPpWpzXXw,https://www.theparking-cars.com/used-cars-detail/opel-astra-break/voiture-diesel-break-5-portes/XQ9Y1KR7.html
break,170,http://t2.gstatic.com/images?q=tbn:ANd9GcQnbYIM72Mh7sa-lZ77pAjqk3OzqXM38AisHv9BI6G4lP9y8Wd64iHt0Rna,https://www.lalsace.fr/actualite/2018/12/09/508-sw-peugeot-fait-le-break
break,171,http://t3.gstatic.com/images?q=tbn:ANd9GcSzjirSqbezacguZceo7dy3c7_3VX5vOGXJ9QYXRSrjk6l6YwGLLEwUuQ,http://www.wealthitglobal.com/optionsl/Autos-en-vrachtwagens-Speelgoed-en-spellen-NOREV474553-Voiture-de-pompier-PEUGEOT-405-break-de-1991143-140483/
break,172,http://t0.gstatic.com/images?q=tbn:ANd9GcRFIe07cZys6lfrTAtM4O5MDuI6E7o4i3UG98w2JZ3FlbyrRlwe6hyJXJnv,http://lautomobileancienne.com/citroen-gs-break-special-1984/
break,173,http://t1.gstatic.com/images?q=tbn:ANd9GcRB7AW7p7FXwBDWTEgoxXm_eK1tuo07fZpTieHca5BghaYlaki8BSmglrY,https://www.flickr.com/photos/xbxg/16272501193/
break,174,http://t2.gstatic.com/images?q=tbn:ANd9GcQTtGOo08tuI8YpohaeTmcvWRK6Zy1Pw5IiHRB1rDQBmaMH7xKdGGhQwQ,http://www.bache-protection-auto.com/housses-protection-auto-sur-mesure-breaks/301-housse-sur-mesure-voiture-break-bache-protection-interieure-luxor.html
break,175,http://t3.gstatic.com/images?q=tbn:ANd9GcRzaNrZxrpAalOOSSr4sf4ftrBCtWKtjfifl8fiUJQwW7UL2jmKMs_RCfpZ,https://wallhere.com/en/wallpaper/961232
break,176,http://t0.gstatic.com/images?q=tbn:ANd9GcTb6UYcMLWXC93cj21crbFzfMlQLTywRsxECHeZZ5Y2GiZJ7bRh7F83T4Q,https://www.aramisauto.com/achat/break/
break,177,http://t1.gstatic.com/images?q=tbn:ANd9GcTecnu7eEznVbVChOLlz9Sfu0aNXi-0L5pM6in9Znt_feIw6Ik2sKyPFYE,https://www.automobile-magazine.fr/toute-l-actualite/article/26089-laudi-rs6-avant-2020-devoile-tout
break,178,http://t2.gstatic.com/images?q=tbn:ANd9GcQXzV6GvONw4NZdgO03TTjKL4KDVy4xUoK3N8N3pAuOlvPri8lI7CdECvgP,https://www.auctelia.com/fr/materiel-occasion/transport/voiture/voiture-citroen-c5-break-2005-205000-km/index/61626
break,179,http://t3.gstatic.com/images?q=tbn:ANd9GcSSqqIvx2IOL9YmuMcq8JkAvv9wV1DZvfvFL3GRlci2_jmLDcaTk-YcV2c,https://www.autoscout24.ch/fr/voiture-neuve/l/break?body=1
break,180,http://t0.gstatic.com/images?q=tbn:ANd9GcS4XDFmpAm8hhqx4o_RT-V09vWn2XAgIoPET3NBKMlcnVUNMMirVvi7bdk,https://www.via-mobilis.fr/voiture-break/skoda-octavia/occasion/ts-vi3559238
break,181,http://t1.gstatic.com/images?q=tbn:ANd9GcRpmWGFPBXmxvXA0NOYo2-fSDtqyYaHqsbJbUWZMhBZPX860TZ7zhzlAkU,https://hintigo.fr/break-ou-berline/
break,182,http://t2.gstatic.com/images?q=tbn:ANd9GcR0Ftb_cTZxACvReagY32xN4JsEIis31NrKZ6ShLe6L5ViIE5H5CSpnE6bZ,https://www.moteurnature.com/29572-la-ford-mondeo-hybride-desormais-aussi-en-break
break,183,http://t3.gstatic.com/images?q=tbn:ANd9GcQlWi7ScjDXiBgKl3xlc6mtH1-CWJIQySjJTMIv0_nncf_d4v_ba1MXix4t,https://www.voitures-collection-youngtimers.fr/youngtimer/break/
break,184,http://t0.gstatic.com/images?q=tbn:ANd9GcQwuNA6fEbbugwnuieXRMp33b3u87y8y7C9LYs15rkVFrjbg-zg6rq0mVI,https://www.turbo.fr/skoda/superb/fiche-vehicule/skoda-superb-scout-le-break-de-luxe-en-habit-de-baroudeur-149278
break,185,http://t1.gstatic.com/images?q=tbn:ANd9GcR4eGEMJks0Z5K029w0zBwSQn-fD05nlbTFMCUfi_7NNuFX4MIc0eKXwQ,https://www.europcar-atlantique.fr/voitures/luxe/routiere-break
break,186,http://t2.gstatic.com/images?q=tbn:ANd9GcSF22LVDl5vGe7t-zVKKYVEHGyvi1tSHsHLrt_Pdug7b8_SjPMs-rJLzYBF,https://www.educol.net/coloriage-break-i24094.html
break,187,http://t3.gstatic.com/images?q=tbn:ANd9GcTKnRdnHwLHFuDjwOKqq1iFq9sQuYM4QzNdP4XsgpwaTcljQF0eLwO26Q,https://www.promobutler.be/nl/promoties/protection-pour-coffre-de-voiture-break-colruyt-659940?page=17&size=20
break,188,http://t0.gstatic.com/images?q=tbn:ANd9GcS_s40D7eiISTCL-_iHiiWAYDZN2bO42Km5Eg5LPtjKlvKR4T-IDFrFTb-m,http://www.lasochalienne.fr/voiture-neuve/break.html
break,189,http://t1.gstatic.com/images?q=tbn:ANd9GcSxWnCPqk6N5kkYvc7Nm9lQqsUIHY5_hdwV_q7pgMQMwmrsqJS-p8zeIpqd,https://www.2dehands.be/autos/hyundai/i30/voiture-huyndai-i30-break-498868459.html
break,190,http://t2.gstatic.com/images?q=tbn:ANd9GcTxzKXh2Fs7pPAL_K9m8viZxAHnaWTqBP_s3kyOn6G1Gzj5JETwY98kbFs,https://www.trace-ta-route.com/road-trip-amenager-voiture-break-dormir/
break,191,http://t3.gstatic.com/images?q=tbn:ANd9GcSvmp_xW4EzG11YQYXpCWmghny3N5LdUfhQDxc35ZPsNApppYwVsIVmylv2,https://www.accessauto4x4.com/sacs-de-voyage-set-specifiques-coffre-de-voiture-bmw-serie-3-/29526-sacs-de-voyage-set-specifiques-coffre-de-voiture-bmw-serie-3-break-f31-2012-.html
break,192,http://t0.gstatic.com/images?q=tbn:ANd9GcSm7j69BkNNykPPLziOxdJQtINWZNUSCHrSGszq2PdNcz3tQwSH-fcykj7W,https://www.dasweltauto.ch/che/fr/voiture-occasion/volkswagen/caddy-maxi/trendline/break/
break,193,http://t1.gstatic.com/images?q=tbn:ANd9GcSWoJhTKbGhNh8AKciz4WD7sIcdrAjuXyD7R4x5DB6OT3lA_l9l8gTZ8GFb,https://www.cdiscount.com/juniors/mini-univers/voiture-citroen-ds-21-break-1970-bordeaux-norev-1/f-12066-nor7436229823817.html
break,194,http://t2.gstatic.com/images?q=tbn:ANd9GcRC1m2kw88i__0eqpNEi3F4OPJ2vlKwYLjhJEubakQwGyJedvDwUUAI4GY,https://www.paruvendu.fr/a/voiture-occasion/break/saint-gilles-35590/
break,195,http://t3.gstatic.com/images?q=tbn:ANd9GcTqedtctM9T95hrYo2fuY-MWQjamjyz2qgoLTmZBF7nsDZ9OnjoCHPDD5s,https://www.motorlegend.com/essai-voiture/break.html
break,196,http://t0.gstatic.com/images?q=tbn:ANd9GcSLhXJzifIPYNR11hQyrZMSEUDQgIANkgzOe0D1kCB-40R3DDn0if-iCHA,https://www.gettyimages.fr/photos/voiture-break
break,197,http://t1.gstatic.com/images?q=tbn:ANd9GcRFSucecxqEmwN6VRclZn6pfT8UdDQVvCxHUnpwOqA9D7Aebk21aQW3njna,https://www.caradisiac.com/les-breaks-compacts-171004.htm
break,198,http://t2.gstatic.com/images?q=tbn:ANd9GcTB62NBjPyX2XWPsRk6RYtSlllOWlHm328Hw0kemDUqGgRjMM3rJGPcI2Q,http://trip8.jp/managerl/Catalogue-voiture-pub-auto-prospectus-Peugeot-familiale-et-break-grand-luxe-Autos-tracteurs-a724622/
break,199,http://t3.gstatic.com/images?q=tbn:ANd9GcRBTAjCeeOyw3t_Ach4lu8GlBdrnzKIIDTtuasjrFE0ZqjXhMBGiFGTxwc,https://www.pinterest.co.uk/pin/438889926170433925/
break,200,http://t0.gstatic.com/images?q=tbn:ANd9GcSDN5eg_q-bSqqGJDg8-aEPEft7A4fNCCorEyr9bT2W3xQTsSeqlUdFFoU,https://www.ebay.fr/itm/CITROEN-DS-23-BREAK-voiture-miniature-1-43e-NOREV-155044-/303182585436